Workbook

Sheet Tổng hợp
A1: TEST REPORT
A3: Project Name | B3: Xây dựng App thương mại điện tử trên nền tảng Android | E3: Legend | F3: Meaning
A4: Creator | B4: Nguyễn Hà Anh | E4: Failed | F4: Test case executed then failed
A5: Student Code | B5: A45285 | E5: Pending | F5: Test case is in Q&A process with Dev/BA
A6: Instructor | B6: Ths. Nguyễn Hùng Cường
A8: No | B8: Module/Function | C8: Passed | D8: Failed | E8: Pending | F8: Untested | G8: Number of test cases | H8: % Passed | I8: % Failed | J8: % Pending | K8: % Executed
A9: 1. Phân hệ App Khách Hàng & Giao dịch
A10: 1 | B10: Xác thực & Phân quyền | C10: 8 | D10: 0 | E10: 0 | F10: 0 | G10: 8 | H10: =C10/G10 | I10: =D10/G10 | J10: =E10/G10 | K10: =SUM(C10:E10)/G10
A11: 2 | B11: Quản lý Sản phẩm | C11: 6 | D11: 0 | E11: 0 | F11: 0 | G11: 6 | H11: =C11/G11 | I11: =D11/G11 | J11: =E11/G11 | K11: =SUM(C11:E11)/G11
A12: 3 | B12: Giỏ hàng & Thanh toán | C12: 7 | D12: 0 | E12: 0 | F12: 0 | G12: 7 | H12: =C12/G12 | I12: =D12/G12 | J12: =E12/G12 | K12: =SUM(C12:E12)/G12
A13: 4 | B13: Trò chuyện & AI Chat | C13: 5 | D13: 0 | E13: 0 | F13: 0 | G13: 5 | H13: =C13/G13 | I13: =D13/G13 | J13: =E13/G13 | K13: =SUM(C13:E13)/G13
B14: Sub total | C14: =SUM(C10:C13) | D14: =SUM(D10:D13) | E14: =SUM(E10:E13) | F14: =SUM(F10:F13) | G14: =SUM(G10:G13) | H14: =C14/G14 | I14: =D14/G14 | J14: =E14/G14 | K14: =SUM(C14:E14)/G14
A15: 2. Phân hệ Quản lý Người Bán (Seller)
A16: 1 | B16: Quản lý Cửa hàng (Seller) | C16: 7 | D16: 0 | E16: 0 | F16: 0 | G16: 7 | H16: =C16/G16 | I16: =D16/G16 | J16: =E16/G16 | K16: =SUM(C16:E16)/G16
B17: Sub total | C17: =SUM(C16:C16) | D17: =SUM(D16:D16) | E17: =SUM(E16:E16) | F17: =SUM(F16:F16) | G17: =SUM(G16:G16) | H17: =C17/G17 | I17: =D17/G17 | J17: =E17/G17 | K17: =SUM(C17:E17)/G17
A18: 3. Phân hệ Quản trị viên (Admin)
A19: 1 | B19: Quản trị viên (Admin) | C19: 7 | D19: 0 | E19: 0 | F19: 0 | G19: 7 | H19: =C19/G19 | I19: =D19/G19 | J19: =E19/G19 | K19: =SUM(C19:E19)/G19
B20: Sub total | C20: =SUM(C19:C19) | D20: =SUM(D19:D19) | E20: =SUM(E19:E19) | F20: =SUM(F19:F19) | G20: =SUM(G19:G19) | H20: =C20/G20 | I20: =D20/G20 | J20: =E20/G20 | K20: =SUM(C20:E20)/G20
A21: 4. Kiểm thử Phi chức năng
A22: 1 | B22: Kiểm thử Phi chức năng | C22: 5 | D22: 0 | E22: 0 | F22: 0 | G22: 5 | H22: =C22/G22 | I22: =D22/G22 | J22: =E22/G22 | K22: =SUM(C22:E22)/G22
B23: Sub total | C23: =SUM(C22:C22) | D23: =SUM(D22:D22) | E23: =SUM(E22:E22) | F23: =SUM(F22:F22) | G23: =SUM(G22:G22) | H23: =C23/G23 | I23: =D23/G23 | J23: =E23/G23 | K23: =SUM(C23:E23)/G23
A24: Total | C24: =SUM(C9:C23)/2 | D24: =SUM(D9:D23)/2 | E24: =SUM(E9:E23)/2 | F24: =SUM(F9:F23)/2 | G24: =SUM(G9:G23)/2 | H24: =C24/G24 | I24: =D24/G24 | J24: =E24/G24 | K24: =SUM(C24:E24)/G24

Sheet Xác thực & Phân quyền
A1: Module Code | B1: TC1
A2: Module Name | B2: Xác thực & Phân quyền
A3: Tester | B3: Nguyễn Hà Anh
A4: No. of Test case | B4: 8
A6: Passed | B6: Failed | C6: Pending | D6: Untested
A7: ='Tổng hợp'!C10 | B7: ='Tổng hợp'!D10 | C7: ='Tổng hợp'!E10 | D7: ='Tổng hợp'!F10
A9: ID | B9: Function Description | C9: Test Case Procedure | D9: Expected Output | E9: Actual Result | F9: Test Status | G9: Bug ID
A10: TC1_001 | B10: Đăng nhập thành công (Khách hàng) | C10: 1. Mở ứng dụng. 2. Nhập Email và mật khẩu hợp lệ. 3. Nhấn 'Đăng nhập'. | D10: Hệ thống xác thực thành công, chuyển đến trang chủ. | F10: Passed
A11: TC1_002 | B11: Đăng nhập sai thông tin | C11: 1. Nhập sai Email hoặc mật khẩu. 2. Nhấn 'Đăng nhập'. | D11: Hiển thị thông báo: 'Email hoặc mật khẩu không đúng!'. | F11: Passed
A12: TC1_003 | B12: Đăng ký tài khoản thành công | C12: 1. Chọn 'Đăng ký'. 2. Nhập đầy đủ thông tin hợp lệ. 3. Nhấn 'Đăng ký'. | D12: Đăng ký thành công, tự động đăng nhập hoặc chuyển về trang Đăng nhập. | F12: Passed
A13: TC1_004 | B13: Đăng ký với Email đã tồn tại | C13: 1. Chọn 'Đăng ký'. 2. Nhập Email đã tồn tại trong hệ thống. 3. Nhấn 'Đăng ký'. | D13: Hệ thống cảnh báo: 'Email đã được sử dụng!'. | F13: Passed
A14: TC1_005 | B14: Khôi phục mật khẩu (Quên mật khẩu) | C14: 1. Chọn 'Quên mật khẩu'. 2. Nhập Email hợp lệ. 3. Nhấn 'Gửi'. | D14: Gửi email chứa liên kết khôi phục mật khẩu thành công. | F14: Passed
A15: TC1_006 | B15: Ghi nhớ đăng nhập | C15: 1. Đăng nhập thành công. 2. Tắt ứng dụng và mở lại. | D15: Hệ thống duy trì phiên đăng nhập, không yêu cầu đăng nhập lại. | F15: Passed
A16: TC1_007 | B16: Đăng xuất tài khoản | C16: 1. Vào Cài đặt. 2. Chọn 'Đăng xuất'. | D16: Hệ thống xóa token phiên, chuyển về trang Login. | F16: Passed
A17: TC1_008 | B17: Phân quyền truy cập API | C17: 1. Sử dụng token của Khách hàng để gọi API Admin. | D17: API trả về lỗi 403 Forbidden. | F17: Passed

Sheet Quản lý Sản phẩm
A1: Module Code | B1: TC2
A2: Module Name | B2: Quản lý Sản phẩm
A3: Tester | B3: Nguyễn Hà Anh
A4: No. of Test case | B4: 6
A6: Passed | B6: Failed | C6: Pending | D6: Untested
A7: ='Tổng hợp'!C11 | B7: ='Tổng hợp'!D11 | C7: ='Tổng hợp'!E11 | D7: ='Tổng hợp'!F11
A9: ID | B9: Function Description | C9: Test Case Procedure | D9: Expected Output | E9: Actual Result | F9: Test Status | G9: Bug ID
A10: TC2_001 | B10: Xem danh sách sản phẩm trang chủ | C10: 1. Mở ứng dụng vào trang chủ. | D10: Hiển thị danh sách sản phẩm nổi bật và mới nhất. | F10: Passed
A11: TC2_002 | B11: Tìm kiếm sản phẩm theo tên | C11: 1. Nhập 'áo thun' vào ô tìm kiếm. 2. Nhấn Tìm. | D11: Hiển thị danh sách các sản phẩm có tên chứa 'áo thun'. | F11: Passed
A12: TC2_003 | B12: Tìm kiếm sản phẩm không tồn tại | C12: 1. Nhập chuỗi ký tự không có thật. 2. Nhấn Tìm. | D12: Hiển thị thông báo: 'Không tìm thấy sản phẩm nào'. | F12: Passed
A13: TC2_004 | B13: Lọc sản phẩm theo danh mục và giá | C13: 1. Chọn danh mục 'Thời trang'. 2. Chọn mức giá 'Dưới 200k'. | D13: Danh sách cập nhật hiển thị sản phẩm đúng tiêu chí lọc. | F13: Passed
A14: TC2_005 | B14: Xem chi tiết sản phẩm | C14: 1. Bấm vào một sản phẩm. | D14: Hiển thị đầy đủ thông tin: tên, giá, hình ảnh, mô tả, đánh giá, cửa hàng bán. | F14: Passed
A15: TC2_006 | B15: Xem danh sách đánh giá của sản phẩm | C15: 1. Cuộn xuống phần Đánh giá trong trang chi tiết. | D15: Hiển thị các bình luận và số sao đánh giá của sản phẩm đó. | F15: Passed

Sheet Giỏ hàng & Thanh toán
A1: Module Code | B1: TC3
A2: Module Name | B2: Giỏ hàng & Thanh toán
A3: Tester | B3: Nguyễn Hà Anh
A4: No. of Test case | B4: 7
A6: Passed | B6: Failed | C6: Pending | D6: Untested
A7: ='Tổng hợp'!C12 | B7: ='Tổng hợp'!D12 | C7: ='Tổng hợp'!E12 | D7: ='Tổng hợp'!F12
A9: ID | B9: Function Description | C9: Test Case Procedure | D9: Expected Output | E9: Actual Result | F9: Test Status | G9: Bug ID
A10: TC3_001 | B10: Thêm sản phẩm vào giỏ hàng | C10: 1. Bấm 'Thêm vào giỏ' tại trang chi tiết. | D10: Hiển thị thông báo thêm thành công, icon giỏ hàng tăng số lượng. | F10: Passed
A11: TC3_002 | B11: Thay đổi số lượng sản phẩm trong giỏ | C11: 1. Mở giỏ hàng. 2. Nhấn nút '+' hoặc '-'. | D11: Số lượng và tổng tiền cập nhật tự động tức thì. | F11: Passed
A12: TC3_003 | B12: Xóa sản phẩm khỏi giỏ hàng | C12: 1. Nhấn nút 'Xóa' hoặc vuốt sản phẩm trong giỏ. | D12: Sản phẩm biến mất khỏi giỏ, tổng tiền cập nhật lại. | F12: Passed
A13: TC3_004 | B13: Áp dụng mã giảm giá hợp lệ | C13: 1. Nhập mã 'GIAM10'. 2. Nhấn Áp dụng. | D13: Hệ thống báo thành công, tổng tiền giảm 10%. | F13: Passed
A14: TC3_005 | B14: Áp dụng mã giảm giá hết hạn | C14: 1. Nhập mã đã hết hạn. 2. Nhấn Áp dụng. | D14: Hiển thị lỗi: 'Mã giảm giá không hợp lệ hoặc đã hết hạn'. | F14: Passed
A15: TC3_006 | B15: Tiến hành thanh toán và chọn địa chỉ | C15: 1. Nhấn 'Thanh toán'. 2. Chọn địa chỉ giao hàng đã lưu. | D15: Chuyển sang bước xác nhận phương thức thanh toán. | F15: Passed
A16: TC3_007 | B16: Thanh toán đơn hàng thành công | C16: 1. Chọn thanh toán COD. 2. Nhấn 'Đặt hàng'. | D16: Tạo đơn hàng thành công, hiển thị trang xác nhận Đặt hàng. | F16: Passed

Sheet Quản lý Cửa hàng (Seller)
A1: Module Code | B1: TC4
A2: Module Name | B2: Quản lý Cửa hàng (Seller)
A3: Tester | B3: Nguyễn Hà Anh
A4: No. of Test case | B4: 7
A6: Passed | B6: Failed | C6: Pending | D6: Untested
A7: ='Tổng hợp'!C16 | B7: ='Tổng hợp'!D16 | C7: ='Tổng hợp'!E16 | D7: ='Tổng hợp'!F16
A9: ID | B9: Function Description | C9: Test Case Procedure | D9: Expected Output | E9: Actual Result | F9: Test Status | G9: Bug ID
A10: TC4_001 | B10: Đăng ký mở cửa hàng | C10: 1. Vào mục 'Mở cửa hàng'. 2. Điền tên cửa hàng, địa chỉ, SDT. 3. Gửi yêu cầu. | D10: Yêu cầu được gửi đến Admin để chờ duyệt. | F10: Passed
A11: TC4_002 | B11: Cập nhật thông tin cửa hàng | C11: 1. Vào Profile Cửa hàng. 2. Đổi ảnh đại diện và tên. 3. Lưu. | D11: Thông tin cửa hàng cập nhật thành công. | F11: Passed
A12: TC4_003 | B12: Thêm sản phẩm mới thành công | C12: 1. Chọn 'Thêm sản phẩm'. 2. Tải ảnh, nhập tên, giá, số lượng. 3. Đăng bán. | D12: Sản phẩm hiển thị trong danh sách sản phẩm của Shop. | F12: Passed
A13: TC4_004 | B13: Thêm sản phẩm thiếu thông tin bắt buộc | C13: 1. Bỏ trống giá sản phẩm. 2. Nhấn Đăng bán. | D13: Hệ thống báo lỗi đỏ tại trường Giá: 'Không được để trống'. | F13: Passed
A14: TC4_005 | B14: Xóa sản phẩm của cửa hàng | C14: 1. Chọn xóa 1 sản phẩm. 2. Xác nhận xóa. | D14: Sản phẩm bị ẩn khỏi gian hàng và đưa vào thùng rác. | F14: Passed
A15: TC4_006 | B15: Cập nhật trạng thái đơn hàng | C15: 1. Mở đơn hàng mới. 2. Cập nhật thành 'Đang giao hàng'. | D15: Trạng thái đơn hàng thay đổi, có thông báo gửi cho người mua. | F15: Passed
A16: TC4_007 | B16: Xem thống kê doanh thu | C16: 1. Mở trang Dashboard cửa hàng. | D16: Hiển thị biểu đồ doanh thu và tổng số đơn hàng trong tháng. | F16: Passed

Sheet Quản trị viên (Admin)
A1: Module Code | B1: TC5
A2: Module Name | B2: Quản trị viên (Admin)
A3: Tester | B3: Nguyễn Hà Anh
A4: No. of Test case | B4: 7
A6: Passed | B6: Failed | C6: Pending | D6: Untested
A7: ='Tổng hợp'!C19 | B7: ='Tổng hợp'!D19 | C7: ='Tổng hợp'!E19 | D7: ='Tổng hợp'!F19
A9: ID | B9: Function Description | C9: Test Case Procedure | D9: Expected Output | E9: Actual Result | F9: Test Status | G9: Bug ID
A10: TC5_001 | B10: Đăng nhập quyền Admin | C10: 1. Truy cập trang web Admin. 2. Nhập tài khoản Admin. | D10: Chuyển vào trang Dashboard quản trị. | F10: Passed
A11: TC5_002 | B11: Duyệt yêu cầu mở cửa hàng | C11: 1. Vào mục Shop Approval. 2. Chọn 1 yêu cầu và nhấn Duyệt. | D11: Cửa hàng được kích hoạt, Seller nhận email thông báo. | F11: Passed
A12: TC5_003 | B12: Từ chối yêu cầu mở cửa hàng | C12: 1. Vào mục Shop Approval. 2. Chọn yêu cầu, nhập lý do và Từ chối. | D12: Yêu cầu bị loại bỏ, Seller nhận thông báo lý do. | F12: Passed
A13: TC5_004 | B13: Khóa tài khoản người dùng vi phạm | C13: 1. Tìm User. 2. Nhấn Khóa (Ban). | D13: User lập tức không thể sử dụng token cũ để truy cập API. | F13: Passed
A14: TC5_005 | B14: Cập nhật phí nền tảng (Platform Fee) | C14: 1. Đổi phí từ 5% lên 6%. 2. Lưu cấu hình. | D14: Các giao dịch mới tự động tính phí 6% thay vì 5%. | F14: Passed
A15: TC5_006 | B15: Quản lý danh mục hệ thống | C15: 1. Thêm danh mục 'Đồ điện tử'. | D15: Danh mục hiển thị ngay trên App cho Khách hàng chọn. | F15: Passed
A16: TC5_007 | B16: Xem thống kê tổng quan hệ thống | C16: 1. Xem trang chủ Dashboard. | D16: Hiển thị tổng User, tổng Shop, Doanh thu toàn nền tảng. | F16: Passed

Sheet Trò chuyện & AI Chat
A1: Module Code | B1: TC6
A2: Module Name | B2: Trò chuyện & AI Chat
A3: Tester | B3: Nguyễn Hà Anh
A4: No. of Test case | B4: 5
A6: Passed | B6: Failed | C6: Pending | D6: Untested
A7: ='Tổng hợp'!C13 | B7: ='Tổng hợp'!D13 | C7: ='Tổng hợp'!E13 | D7: ='Tổng hợp'!F13
A9: ID | B9: Function Description | C9: Test Case Procedure | D9: Expected Output | E9: Actual Result | F9: Test Status | G9: Bug ID
A10: TC6_001 | B10: Nhắn tin cho người bán | C10: 1. Tại trang chi tiết SP, chọn 'Chat với Shop'. 2. Gửi 'Xin chào'. | D10: Tin nhắn gửi thành công và hiển thị trong khung chat. | F10: Passed
A11: TC6_002 | B11: Nhận tin nhắn theo thời gian thực | C11: 1. Mở App khách hàng và Web seller. 2. Gửi tin nhắn qua lại. | D11: Tin nhắn hiện ngay lập tức (sử dụng WebSocket). | F11: Passed
A12: TC6_003 | B12: Gửi yêu cầu tư vấn cho AI Chatbot | C12: 1. Mở AI Chat. 2. Nhập: 'Gợi ý áo khoác mùa đông'. | D12: AI nhận và hiển thị 'Đang trả lời...'. | F12: Passed
A13: TC6_004 | B13: AI Chatbot phản hồi gợi ý sản phẩm | C13: 1. Chờ AI phản hồi. | D13: AI trả về danh sách các sản phẩm áo khoác phù hợp. | F13: Passed
A14: TC6_005 | B14: Tốc độ phản hồi của AI Chatbot | C14: 1. Gửi lệnh chat cho AI. | D14: Thời gian đợi < 2 giây để đảm bảo trải nghiệm tốt. | F14: Passed

Sheet Kiểm thử Phi chức năng
A1: Module Code | B1: TC7
A2: Module Name | B2: Kiểm thử Phi chức năng
A3: Tester | B3: Nguyễn Hà Anh
A4: No. of Test case | B4: 5
A6: Passed | B6: Failed | C6: Pending | D6: Untested
A7: ='Tổng hợp'!C22 | B7: ='Tổng hợp'!D22 | C7: ='Tổng hợp'!E22 | D7: ='Tổng hợp'!F22
A9: ID | B9: Function Description | C9: Test Case Procedure | D9: Expected Output | E9: Actual Result | F9: Test Status | G9: Bug ID
A10: TC7_001 | B10: Tốc độ tải trang chủ | C10: 1. Mở App và ghi nhận thời gian trang chủ render xong. | D10: Thời gian tải <= 3 giây. | F10: Passed
A11: TC7_002 | B11: Giao diện màn hình Mobile | C11: 1. Chạy trên điện thoại kích thước nhỏ và lớn. | D11: Giao diện không vỡ, text dễ đọc, thao tác cảm ứng tốt. | F11: Passed
A12: TC7_003 | B12: Xử lý khi mất kết nối mạng | C12: 1. Tắt Wifi/4G. 2. Thao tác trên App. | D12: Báo lỗi thân thiện: 'Không có kết nối mạng. Vui lòng thử lại.' | F12: Passed
A13: TC7_004 | B13: Bảo mật API (Thiếu token) | C13: 1. Gọi API cần chứng thực bằng Postman mà không có Bearer Token. | D13: API phản hồi HTTP 401 Unauthorized. | F13: Passed
A14: TC7_005 | B14: Xử lý lỗi Backend | C14: 1. Tạo điều kiện lỗi Database. | D14: Server trả về HTTP 500 thay vì hiển thị stacktrace cho Client. | F14: Passed
